"","seq_number","sum.taxonomy"
"1","merged_CO1_1",""
"2","merged_CO1_2",""
"3","merged_CO1_3","Eukaryota;Chlorophyta;Mamiellophyceae;Mamiellales;Mamiellaceae;Micromonas;Micromonas pusilla"
"4","merged_CO1_4",""
"5","merged_CO1_5",""
"6","merged_CO1_6","Eukaryota;Chlorophyta;Mamiellophyceae;Mamiellales;Mamiellaceae;Micromonas;Micromonas pusilla"
"7","merged_CO1_7","Eukaryota;Annelida;Polychaeta;Eunicida;Dorvilleidae;Schistomeringos;Schistomeringos longicornis"
"8","merged_CO1_8","Eukaryota;Annelida;Clitellata;Haplotaxida;;;"
"9","merged_CO1_9",""
"10","merged_CO1_10",""
"11","merged_CO1_11",""
"12","merged_CO1_12","Eukaryota;NA;Raphidophyceae;Chattonellales;Chattonellaceae;Fibrocapsa;Fibrocapsa japonica"
"13","merged_CO1_13",""
"14","merged_CO1_14","Bacteria;Proteobacteria;Alphaproteobacteria;Pelagibacterales;Pelagibacteraceae;Candidatus Pelagibacter;Candidatus Pelagibacter sp. HIMB1321"
"15","merged_CO1_15",""
"16","merged_CO1_16",""
"17","merged_CO1_17","Eukaryota;;;;;;"
"18","merged_CO1_19",""
"19","merged_CO1_20",""
"20","merged_CO1_21","Bacteria;Proteobacteria;Alphaproteobacteria;Pelagibacterales;Pelagibacteraceae;Candidatus Pelagibacter;Candidatus Pelagibacter sp. HIMB1321"
"21","merged_CO1_23","Bacteria;Proteobacteria;Alphaproteobacteria;Pelagibacterales;Pelagibacteraceae;Candidatus Pelagibacter;Candidatus Pelagibacter sp. HIMB1321"
"22","merged_CO1_24",""
"23","merged_CO1_25","Eukaryota;Bacillariophyta;;;;;"
"24","merged_CO1_26","Eukaryota;;Oomycetes;Peronosporales;Peronosporaceae;Phytophthora;"
"25","merged_CO1_28","Eukaryota;Arthropoda;Hexanauplia;Calanoida;Acartiidae;Acartia;Acartia californiensis"
"26","merged_CO1_29","Bacteria;Proteobacteria;Alphaproteobacteria;Pelagibacterales;Pelagibacteraceae;Candidatus Pelagibacter;Candidatus Pelagibacter sp. HIMB1321"
"27","merged_CO1_30","Eukaryota;Echinodermata;Crinoidea;Comatulida;Aporometridae;Aporometra;Aporometra wilsoni"
"28","merged_CO1_32",""
"29","merged_CO1_33",""
"30","merged_CO1_35",""
"31","merged_CO1_36",""
"32","merged_CO1_37",""
"33","merged_CO1_38",""
"34","merged_CO1_39",""
"35","merged_CO1_42",""
"36","merged_CO1_43","Eukaryota;;Dinophyceae;Gymnodiniales;Kareniaceae;;"
"37","merged_CO1_45",""
"38","merged_CO1_46","Eukaryota;Bacillariophyta;Coscinodiscophyceae;Thalassiosirales;Stephanodiscaceae;Stephanodiscus;"
"39","merged_CO1_50",""
"40","merged_CO1_51",""
"41","merged_CO1_52",""
"42","merged_CO1_53","Bacteria;Proteobacteria;Alphaproteobacteria;Pelagibacterales;Pelagibacteraceae;Candidatus Pelagibacter;Candidatus Pelagibacter sp. RS39"
"43","merged_CO1_54","Eukaryota;Chordata;Ascidiacea;Enterogona;Ascidiidae;Ascidia;Ascidia ahodori"
"44","merged_CO1_55","Eukaryota;Arthropoda;Hexanauplia;Cyclopoida;Cyclopidae;Acanthocyclops;Acanthocyclops americanus"
"45","merged_CO1_56","Eukaryota;Bacillariophyta;Coscinodiscophyceae;Thalassiosirales;Skeletonemataceae;Skeletonema;Skeletonema menzelii"
"46","merged_CO1_57",""
"47","merged_CO1_59","Eukaryota;NA;Dinophyceae;Gymnodiniales;Gymnodiniaceae;Margalefidinium;Margalefidinium polykrikoides"
"48","merged_CO1_60",""
"49","merged_CO1_63",""
"50","merged_CO1_64","Bacteria;Proteobacteria;Alphaproteobacteria;Pelagibacterales;Pelagibacteraceae;Candidatus Pelagibacter;Candidatus Pelagibacter sp. HIMB1321"
"51","merged_CO1_65",""
"52","merged_CO1_67",""
"53","merged_CO1_72","Eukaryota;Annelida;Polychaeta;Capitellida;Capitellidae;Capitella;Capitella teleta"
"54","merged_CO1_73","Eukaryota;Cnidaria;;;;;"
"55","merged_CO1_75",""
"56","merged_CO1_77","Bacteria;Proteobacteria;Alphaproteobacteria;Pelagibacterales;Pelagibacteraceae;Candidatus Pelagibacter;Candidatus Pelagibacter sp. HIMB1321"
"57","merged_CO1_78",""
"58","merged_CO1_81",""
"59","merged_CO1_84",""
"60","merged_CO1_87",""
"61","merged_CO1_90","Eukaryota;;;;;;"
"62","merged_CO1_92",""
"63","merged_CO1_94","Eukaryota;;;;;;"
"64","merged_CO1_99","Bacteria;Proteobacteria;Alphaproteobacteria;Pelagibacterales;Pelagibacteraceae;Candidatus Pelagibacter;Candidatus Pelagibacter sp. HIMB1321"
"65","merged_CO1_100","Eukaryota;NA;Haptophyceae;Phaeocystales;Phaeocystaceae;Phaeocystis;Phaeocystis pouchetii"
"66","merged_CO1_101","Eukaryota;Cnidaria;Hydrozoa;NA;NA;NA;Hydrozoa sp. BOLD:AAZ8616"
"67","merged_CO1_102","Eukaryota;Arthropoda;Insecta;Lepidoptera;Nepticulidae;Stigmella;Stigmella prunifoliella"
"68","merged_CO1_104","Eukaryota;Chlorophyta;Mamiellophyceae;Mamiellales;Mamiellaceae;Micromonas;Micromonas pusilla"
"69","merged_CO1_105","Eukaryota;Chlorophyta;Palmophyllophyceae;Prasinococcales;Prasinococcaceae;Prasinoderma;Prasinoderma coloniale"
"70","merged_CO1_106",""
"71","merged_CO1_109","Eukaryota;;;;;;"
"72","merged_CO1_110","Eukaryota;NA;Oomycetes;Pythiales;Pythiaceae;Pythium;Pythium pachycaule"
"73","merged_CO1_112",""
"74","merged_CO1_114","Eukaryota;;;;;;"
"75","merged_CO1_117",""
"76","merged_CO1_118","Eukaryota;;Dinophyceae;;;;"
"77","merged_CO1_119",""
"78","merged_CO1_120","Eukaryota;Annelida;Polychaeta;NA;Chaetopteridae;Chaetopterus;Chaetopterus variopedatus"
"79","merged_CO1_121",""
"80","merged_CO1_122","Eukaryota;;;;;;"
"81","merged_CO1_124","Eukaryota;Annelida;Polychaeta;Phyllodocida;Polynoidae;Halosydna;"
"82","merged_CO1_128",""
"83","merged_CO1_129","Eukaryota;;Dinophyceae;Gymnodiniales;Gymnodiniaceae;;"
"84","merged_CO1_131",""
"85","merged_CO1_132",""
"86","merged_CO1_134","Bacteria;Proteobacteria;Alphaproteobacteria;Pelagibacterales;Pelagibacteraceae;NA;alpha proteobacterium HIMB5"
"87","merged_CO1_136","Eukaryota;;Dinophyceae;Gymnodiniales;Gymnodiniaceae;;"
"88","merged_CO1_138",""
"89","merged_CO1_139","Eukaryota;Bacillariophyta;;;;;"
"90","merged_CO1_143",""
"91","merged_CO1_144","Eukaryota;;;;;;"
"92","merged_CO1_146","Bacteria;Proteobacteria;Alphaproteobacteria;Pelagibacterales;Pelagibacteraceae;Candidatus Pelagibacter;Candidatus Pelagibacter sp. HIMB1321"
"93","merged_CO1_147","Eukaryota;Rhodophyta;Florideophyceae;Batrachospermales;Batrachospermaceae;Kumanoa;Kumanoa gracillima"
"94","merged_CO1_148","Eukaryota;;Dinophyceae;Prorocentrales;Prorocentraceae;Prorocentrum;"
"95","merged_CO1_149","Eukaryota;Arthropoda;Hexanauplia;Calanoida;;;"
"96","merged_CO1_152",""
"97","merged_CO1_156",""
"98","merged_CO1_159",""
"99","merged_CO1_160",""
"100","merged_CO1_162",""
"101","merged_CO1_163","Eukaryota;NA;Dinophyceae;Gymnodiniales;Gymnodiniaceae;Margalefidinium;Margalefidinium polykrikoides"
"102","merged_CO1_169","Eukaryota;;Dictyochophyceae;Florenciellales;;Pseudochattonella;Pseudochattonella farcimen"
"103","merged_CO1_170",""
"104","merged_CO1_171",""
"105","merged_CO1_175","Eukaryota;;;;;;"
"106","merged_CO1_176",""
"107","merged_CO1_181",""
"108","merged_CO1_182",""
"109","merged_CO1_188","Eukaryota;;;;;;"
"110","merged_CO1_189","Eukaryota;;Dinophyceae;Gymnodiniales;Gymnodiniaceae;;"
"111","merged_CO1_192","Eukaryota;Arthropoda;Hexanauplia;Calanoida;;;"
"112","merged_CO1_194",""
"113","merged_CO1_200","Eukaryota;;;;;;"
"114","merged_CO1_204","Eukaryota;;Dinophyceae;Gonyaulacales;Gonyaulacaceae;Alexandrium;"
"115","merged_CO1_205","Eukaryota;;;;;;"
"116","merged_CO1_206","Eukaryota;;Dinophyceae;;;;"
"117","merged_CO1_207",""
"118","merged_CO1_209","Eukaryota;Bacillariophyta;Coscinodiscophyceae;Rhizosoleniales;Rhizosoleniaceae;Rhizosolenia;Rhizosolenia setigera"
"119","merged_CO1_210","Eukaryota;;Dinophyceae;;;;"
"120","merged_CO1_212","Eukaryota;;;;;;"
"121","merged_CO1_214","Eukaryota;;;;;;"
"122","merged_CO1_215","Eukaryota;;;;;;"
"123","merged_CO1_217",""
"124","merged_CO1_219","Eukaryota;;Oomycetes;;;;"
"125","merged_CO1_231",""
"126","merged_CO1_232","Eukaryota;;;;;;"
"127","merged_CO1_238","Eukaryota;;Oomycetes;Peronosporales;Peronosporaceae;Phytophthora;"
"128","merged_CO1_239","Bacteria;Proteobacteria;Alphaproteobacteria;Pelagibacterales;Pelagibacteraceae;Candidatus Pelagibacter;Candidatus Pelagibacter sp. HIMB1321"
"129","merged_CO1_243","Eukaryota;NA;Synurophyceae;Parmales;Triparmaceae;Triparma;Triparma laevis"
"130","merged_CO1_244","Eukaryota;Bacillariophyta;Bacillariophyceae;Bacillariales;Bacillariaceae;Pseudo-nitzschia;"
"131","merged_CO1_248","Bacteria;Proteobacteria;Alphaproteobacteria;Pelagibacterales;Pelagibacteraceae;Candidatus Pelagibacter;Candidatus Pelagibacter sp. HIMB1321"
"132","merged_CO1_250","Eukaryota;Porifera;Demospongiae;Tethyida;Tethyidae;Tethya;Tethya aurantium"
"133","merged_CO1_251",""
"134","merged_CO1_263",""
"135","merged_CO1_266",""
"136","merged_CO1_269","Eukaryota;;;;;;"
"137","merged_CO1_272","Bacteria;Proteobacteria;Alphaproteobacteria;Pelagibacterales;Pelagibacteraceae;Candidatus Pelagibacter;Candidatus Pelagibacter sp. HIMB1321"
"138","merged_CO1_273","Eukaryota;Rhodophyta;Florideophyceae;Gelidiales;Gelidiellaceae;Parviphycus;Parviphycus sp. GHB-2016b"
"139","merged_CO1_279","Eukaryota;;Dinophyceae;Gymnodiniales;Gymnodiniaceae;;"
"140","merged_CO1_280","Eukaryota;Bacillariophyta;Mediophyceae;Lithodesmiales;Lithodesmiaceae;Ditylum;Ditylum brightwellii"
"141","merged_CO1_284",""
"142","merged_CO1_285",""
"143","merged_CO1_292","Eukaryota;;;;;;"
"144","merged_CO1_293","Eukaryota;;Dinophyceae;Prorocentrales;Prorocentraceae;Prorocentrum;"
"145","merged_CO1_294","Eukaryota;NA;Oomycetes;Myzocytiopsidales;Myzocytiopsidaceae;Chlamydomyzium;Chlamydomyzium dictyuchoides"
"146","merged_CO1_308",""
"147","merged_CO1_314","Eukaryota;Chlorophyta;Mamiellophyceae;Mamiellales;Mamiellaceae;Micromonas;Micromonas pusilla"
"148","merged_CO1_315","Eukaryota;;Phaeophyceae;Ectocarpales;Chordariaceae;;"
"149","merged_CO1_319","Eukaryota;;;;;;"
"150","merged_CO1_328","Eukaryota;;Dinophyceae;;;;"
"151","merged_CO1_329","Eukaryota;NA;Haptophyceae;Prymnesiales;Chrysochromulinaceae;Chrysochromulina;Chrysochromulina sp. NIES-1333"
"152","merged_CO1_330",""
"153","merged_CO1_338","Eukaryota;;;;;;"
"154","merged_CO1_343",""
"155","merged_CO1_344",""
"156","merged_CO1_345",""
"157","merged_CO1_352",""
"158","merged_CO1_353",""
"159","merged_CO1_355",""
"160","merged_CO1_371","Eukaryota;;Dinophyceae;Dinophysiales;Dinophysiaceae;Dinophysis;"
"161","merged_CO1_378","Eukaryota;Chlorophyta;Ulvophyceae;NA;NA;Oltmannsiellopsis;Oltmannsiellopsis viridis"
"162","merged_CO1_381",""
"163","merged_CO1_383","Eukaryota;;;;;;"
"164","merged_CO1_387","Eukaryota;Arthropoda;Hexanauplia;Calanoida;Paracalanidae;Paracalanus;Paracalanus sp. C AC-2013"
"165","merged_CO1_389","Eukaryota;;;;;;"
"166","merged_CO1_390",""
"167","merged_CO1_395",""
"168","merged_CO1_407",""
"169","merged_CO1_409",""
"170","merged_CO1_410",""
"171","merged_CO1_411",""
"172","merged_CO1_418","Bacteria;Proteobacteria;Alphaproteobacteria;Pelagibacterales;Pelagibacteraceae;Candidatus Pelagibacter;Candidatus Pelagibacter ubique"
"173","merged_CO1_420","Eukaryota;Mollusca;Gastropoda;Nudibranchia;Trinchesiidae;Tenellia;Tenellia sp. E DS-2016"
"174","merged_CO1_429",""
"175","merged_CO1_430",""
"176","merged_CO1_433","Eukaryota;Annelida;Polychaeta;NA;Chrysopetalidae;Paleanotus;Paleanotus bellis"
"177","merged_CO1_435","Eukaryota;;Haptophyceae;Isochrysidales;Noelaerhabdaceae;Emiliania;Emiliania huxleyi"
"178","merged_CO1_447","Eukaryota;Chlorophyta;Mamiellophyceae;Mamiellales;Mamiellaceae;Micromonas;Micromonas pusilla"
"179","merged_CO1_450","Eukaryota;;;;;;"
"180","merged_CO1_455",""
"181","merged_CO1_461","Eukaryota;;Phaeophyceae;Ectocarpales;Chordariaceae;Punctaria;Punctaria latifolia"
"182","merged_CO1_490","Eukaryota;Rhodophyta;Florideophyceae;;;;"
"183","merged_CO1_491","Eukaryota;Annelida;Polychaeta;Phyllodocida;Polynoidae;;"
"184","merged_CO1_497","Eukaryota;;Phaeophyceae;Ectocarpales;;;"
"185","merged_CO1_508",""
"186","merged_CO1_523","Eukaryota;;;;;;"
"187","merged_CO1_525",""
"188","merged_CO1_532","Eukaryota;Chlorophyta;NA;NA;Pycnococcaceae;Pycnococcus;Pycnococcus provasolii"
"189","merged_CO1_552",""
"190","merged_CO1_570",""
"191","merged_CO1_572","Bacteria;Proteobacteria;Alphaproteobacteria;Pelagibacterales;Pelagibacteraceae;Candidatus Pelagibacter;Candidatus Pelagibacter sp. HIMB1321"
"192","merged_CO1_577",""
"193","merged_CO1_578","Eukaryota;Rhodophyta;Florideophyceae;Palmariales;Palmariaceae;Devaleraea;Devaleraea mollis"
"194","merged_CO1_580","Eukaryota;Bacillariophyta;;;;;"
"195","merged_CO1_586",""
"196","merged_CO1_599","Eukaryota;Arthropoda;;Sessilia;Balanidae;Balanus;"
"197","merged_CO1_601",""
"198","merged_CO1_607",""
"199","merged_CO1_626",""
"200","merged_CO1_647","Eukaryota;Bacillariophyta;Bacillariophyceae;Naviculales;Pinnulariaceae;Pinnularia;Pinnularia subanglica"
"201","merged_CO1_668","Eukaryota;Ascomycota;Sordariomycetes;Hypocreales;Hypocreaceae;Trichoderma;"
"202","merged_CO1_691","Eukaryota;;Phaeophyceae;Ectocarpales;;;"
"203","merged_CO1_697","Bacteria;Proteobacteria;Alphaproteobacteria;Pelagibacterales;Pelagibacteraceae;NA;alpha proteobacterium HIMB5"
"204","merged_CO1_705","Eukaryota;Bacillariophyta;Coscinodiscophyceae;Chaetocerotales;Chaetocerotaceae;Chaetoceros;Chaetoceros socialis"
"205","merged_CO1_713",""
"206","merged_CO1_728","Eukaryota;;Oomycetes;;;;"
"207","merged_CO1_740","Eukaryota;;;;;;"
"208","merged_CO1_788","Bacteria;Proteobacteria;Alphaproteobacteria;Pelagibacterales;Pelagibacteraceae;NA;alpha proteobacterium HIMB5"
"209","merged_CO1_792","Eukaryota;Bacillariophyta;Coscinodiscophyceae;Thalassiosirales;;;"
"210","merged_CO1_819",""
"211","merged_CO1_845",""
"212","merged_CO1_853","Bacteria;Proteobacteria;Alphaproteobacteria;Pelagibacterales;Pelagibacteraceae;Candidatus Pelagibacter;Candidatus Pelagibacter sp. HIMB1321"
"213","merged_CO1_878",""
"214","merged_CO1_1019","Eukaryota;Annelida;Polychaeta;Sabellida;Sabellariidae;NA;Sabellariidae sp. BP2010-403"
"215","merged_CO1_1024","Bacteria;Proteobacteria;Alphaproteobacteria;Pelagibacterales;Pelagibacteraceae;Candidatus Pelagibacter;Candidatus Pelagibacter sp. HIMB1321"
"216","merged_CO1_1029","Bacteria;Proteobacteria;Alphaproteobacteria;Pelagibacterales;Pelagibacteraceae;Candidatus Pelagibacter;Candidatus Pelagibacter sp. HIMB1321"
"217","merged_CO1_1063","Eukaryota;Bacillariophyta;Bacillariophyceae;Bacillariales;Bacillariaceae;Pseudo-nitzschia;Pseudo-nitzschia sabit"
"218","merged_CO1_1071","Bacteria;Proteobacteria;Alphaproteobacteria;Pelagibacterales;Pelagibacteraceae;NA;alpha proteobacterium HIMB5"
"219","merged_CO1_1102",""
"220","merged_CO1_1140",""
"221","merged_CO1_1299","Eukaryota;Annelida;Polychaeta;Sabellida;Sabellariidae;Phragmatopoma;Phragmatopoma californica"
"222","merged_CO1_1398","Bacteria;Proteobacteria;Alphaproteobacteria;Pelagibacterales;Pelagibacteraceae;Candidatus Pelagibacter;Candidatus Pelagibacter sp. RS39"
"223","merged_CO1_1409","Eukaryota;Arthropoda;Insecta;Plecoptera;Nemouridae;Nemoura;Nemoura cinerea"
"224","merged_CO1_1445","Eukaryota;;Eustigmatophyceae;Eustigmatales;Monodopsidaceae;;"
"225","merged_CO1_1448","Eukaryota;;;;;;"
"226","merged_CO1_1461","Eukaryota;;;;;;"
"227","merged_CO1_1594","Bacteria;Proteobacteria;Alphaproteobacteria;Pelagibacterales;Pelagibacteraceae;Candidatus Pelagibacter;Candidatus Pelagibacter ubique"
"228","merged_CO1_1672","Eukaryota;;;;;;"
"229","merged_CO1_1691","Eukaryota;Porifera;Homoscleromorpha;Homosclerophorida;Plakinidae;;"
"230","merged_CO1_1708","Eukaryota;Ascomycota;Saccharomycetes;Saccharomycetales;Dipodascaceae;Geotrichum;Geotrichum candidum"
"231","merged_CO1_1816","Eukaryota;NA;Chrysophyceae;Chromulinales;Dinobryaceae;Poteriospumella;Poteriospumella lacustris"
"232","merged_CO1_1941","Eukaryota;;Dinophyceae;Gymnodiniales;Gymnodiniaceae;;"
"233","merged_CO1_2035",""
"234","merged_CO1_2063","Eukaryota;Annelida;Polychaeta;NA;Poecilochaetidae;Poecilochaetus;Poecilochaetus martini"
"235","merged_CO1_2094",""
"236","merged_CO1_2147","Eukaryota;Chordata;Mammalia;Primates;Hominidae;Homo;Homo sapiens"
"237","merged_CO1_2169",""
"238","merged_CO1_2176","Eukaryota;Nematoda;Chromadorea;Rhabditida;Aphelenchoididae;Bursaphelenchus;Bursaphelenchus cocophilus"
"239","merged_CO1_2216","Eukaryota;;;;;;"
"240","merged_CO1_2357",""
"241","merged_CO1_2555",""
"242","merged_CO1_2651",""
"243","merged_CO1_3150","Eukaryota;NA;Labyrinthulomycetes;NA;NA;NA;labyrinthulid quahog parasite QPX"
"244","merged_CO1_3479",""
"245","merged_CO1_3614","Bacteria;Proteobacteria;Alphaproteobacteria;Pelagibacterales;Pelagibacteraceae;Candidatus Pelagibacter;Candidatus Pelagibacter ubique"
"246","merged_CO1_3831",""
"247","merged_CO1_3975","Eukaryota;NA;Haptophyceae;Isochrysidales;Isochrysidaceae;Isochrysis;Isochrysis galbana"
"248","merged_CO1_4209",""
"249","merged_CO1_4824","Eukaryota;Arthropoda;Insecta;Diptera;Psychodidae;Brumptomyia;Brumptomyia sp. BOLD:ACM5394"
"250","merged_CO1_4960",""
"251","merged_CO1_4983",""
"252","merged_CO1_4984","Eukaryota;Mollusca;Bivalvia;;;;"
"253","merged_CO1_4985","Eukaryota;;Phaeophyceae;Ectocarpales;;;"
"254","merged_CO1_5360","Eukaryota;Rhodophyta;Florideophyceae;;;;"
"255","merged_CO1_5577","Eukaryota;Bacillariophyta;Coscinodiscophyceae;Thalassiosirales;Skeletonemataceae;Skeletonema;"
"256","merged_CO1_5578",""
"257","merged_CO1_5579",""
"258","merged_CO1_5580",""
"259","merged_CO1_5581",""
"260","merged_CO1_5827",""
"261","merged_CO1_6336",""
"262","merged_CO1_6337","Eukaryota;;;;;;"
"263","merged_Metazoa_16s_1","Eukaryota;Chaetognatha;Sagittoidea;Aphragmophora;Sagittidae;Sagitta;Sagitta setosa"
"264","merged_Metazoa_16s_2","Eukaryota;Chordata;Actinopteri;Salmoniformes;Salmonidae;;"
"265","merged_Metazoa_16s_3",""
"266","merged_Metazoa_16s_4",""
"267","merged_Metazoa_16s_5","Eukaryota;Chordata;Actinopteri;;;;"
"268","merged_Metazoa_16s_6","Eukaryota;Annelida;Polychaeta;Spionida;Chaetopteridae;Chaetopterus;Chaetopterus variopedatus"
"269","merged_Metazoa_16s_7","Eukaryota;Mollusca;Bivalvia;Mytiloida;Mytilidae;;"
"270","merged_Metazoa_16s_8","Eukaryota;Arthropoda;Branchiopoda;Diplostraca;Podonidae;;"
"271","merged_Metazoa_16s_10","Eukaryota;Chordata;Mammalia;Primates;Hominidae;Homo;Homo sapiens"
"272","merged_Metazoa_16s_12","Eukaryota;Mollusca;Bivalvia;Mytiloida;Mytilidae;Xenostrobus;Xenostrobus securis"
"273","merged_Metazoa_16s_13","Eukaryota;Mollusca;Bivalvia;Mytiloida;Mytilidae;Modiolus;"
"274","merged_Metazoa_16s_14","Eukaryota;Chordata;Actinopteri;;;;"
"275","merged_Metazoa_16s_15","Eukaryota;Mollusca;Bivalvia;Veneroida;;;"
"276","merged_Metazoa_16s_16","Eukaryota;Nemertea;Palaeonemertea;;Tubulanidae;Tubulanus;Tubulanus sp. 1 TCH-2015"
"277","merged_Metazoa_16s_21","Eukaryota;Mollusca;Bivalvia;Mytiloida;Mytilidae;Xenostrobus;Xenostrobus securis"
"278","merged_Metazoa_16s_23","Eukaryota;Chordata;Actinopteri;;;;"
"279","merged_Metazoa_16s_25","Eukaryota;Chordata;Actinopteri;;;;"
"280","merged_Metazoa_16s_28","Eukaryota;Mollusca;Bivalvia;Mytiloida;Mytilidae;Mytilus;Mytilus chilensis"
"281","merged_Metazoa_16s_50","Eukaryota;Mollusca;Bivalvia;Veneroida;Cardiidae;Acanthocardia;"
"282","merged_Metazoa_16s_51","Eukaryota;Bryozoa;Gymnolaemata;Cheilostomatida;Thalamoporellidae;Thalamoporella;Thalamoporella californica"
"283","merged_Metazoa_16s_55","Eukaryota;Porifera;Demospongiae;Suberitida;Halichondriidae;Halichondria;"
"284","merged_Metazoa_16s_62",""
"285","merged_Metazoa_16s_76","Eukaryota;Bryozoa;Gymnolaemata;Cheilostomatida;;;"
"286","merged_Metazoa_16s_83","Eukaryota;Arthropoda;Malacostraca;Decapoda;Sicyoniidae;Sicyonia;"
"287","merged_Metazoa_16s_86","Eukaryota;Bryozoa;Gymnolaemata;Cheilostomatida;Bugulidae;Bugula;Bugula neritina"
"288","merged_Metazoa_16s_88","Eukaryota;Echinodermata;Echinoidea;Clypeasteroida;Mellitidae;;"
"289","merged_Metazoa_16s_93","Eukaryota;Bryozoa;Gymnolaemata;Ctenostomatida;Vesiculariidae;Amathia;Amathia vidovici"
"290","merged_Metazoa_16s_96","Eukaryota;Arthropoda;;;;;"
"291","merged_Metazoa_16s_112","Eukaryota;Mollusca;Gastropoda;Trochida;Tegulidae;Tegula;"
"292","merged_Metazoa_16s_119",""
"293","merged_Metazoa_16s_120",""
"294","merged_Metazoa_16s_122","Eukaryota;Porifera;Demospongiae;;;;"
"295","merged_Metazoa_16s_151","Eukaryota;Bryozoa;Gymnolaemata;Ctenostomatida;Vesiculariidae;Amathia;Amathia vidovici"
"296","merged_Metazoa_16s_153","Eukaryota;Porifera;Demospongiae;;;;"
"297","merged_Metazoa_16s_167","Eukaryota;Rotifera;Monogononta;Ploima;Synchaetidae;Synchaeta;Synchaeta cf. pectinata"
"298","merged_Metazoa_16s_175","Eukaryota;Cnidaria;Anthozoa;Alcyonacea;;;"
"299","merged_Metazoa_16s_184",""
"300","merged_Metazoa_16s_190",""
"301","merged_Metazoa_16s_194",""
"302","merged_Metazoa_16s_217","Eukaryota;Bryozoa;Gymnolaemata;Cheilostomatida;Bugulidae;Bugulina;Bugulina fulva"
"303","merged_Metazoa_16s_219",""
"304","merged_Metazoa_16s_270","Eukaryota;Porifera;Demospongiae;Suberitida;Halichondriidae;;"
"305","merged_Metazoa_16s_283","Eukaryota;Chordata;Mammalia;Primates;Hominidae;Homo;Homo sapiens"
"306","merged_Metazoa_16s_345","Eukaryota;Echinodermata;Ophiuroidea;Ophiurida;Ophiotrichidae;Ophiothrix;Ophiothrix angulata"
"307","merged_Metazoa_16s_414","Eukaryota;Arthropoda;;;;;"
"308","merged_Metazoa_16s_446","Eukaryota;Chordata;Mammalia;Primates;Hominidae;Homo;Homo sapiens"
"309","merged_Metazoa_16s_494","Eukaryota;Arthropoda;;;;;"
"310","merged_Metazoa_16s_529","Eukaryota;Mollusca;Bivalvia;Veneroida;Tellinidae;;"
"311","merged_Metazoa_16s_555","Eukaryota;;;;;;"
"312","merged_Metazoa_16s_559","Eukaryota;Bryozoa;Gymnolaemata;Cheilostomatida;;;"
"313","merged_Metazoa_16s_595",""
"314","merged_Metazoa_16s_638","Eukaryota;Echinodermata;Ophiuroidea;Ophiurida;Ophiodermatidae;Ophioderma;"
"315","merged_Metazoa_16s_711","Eukaryota;Chordata;Mammalia;Primates;Hominidae;Homo;Homo sapiens"
"316","merged_Metazoa_16s_926","Eukaryota;Bryozoa;Gymnolaemata;Cheilostomatida;;;"
"317","merged_Metazoa_16s_1310",""
"318","merged_Metazoa_16s_1345",""
"319","merged_Metazoa_16s_1420",""
"320","merged_Metazoa_16s_1481","Eukaryota;Arthropoda;Insecta;Diptera;Chironomidae;Chironomus;Chironomus tepperi"
"321","merged_Metazoa_16s_1776",""
